{
  "images" : [
    {
      "resizing" : {
        "mode" : "3-part-horizontal",
        "center" : {
          "mode" : "tile",
          "width" : 1
        },
        "cap-insets" : {
          "right" : 9,
          "left" : 2
        }
      },
      "idiom" : "universal",
      "filename" : "author_mark.png",
      "scale" : "1x"
    },
    {
      "resizing" : {
        "mode" : "3-part-horizontal",
        "center" : {
          "mode" : "tile",
          "width" : 1
        },
        "cap-insets" : {
          "right" : 18,
          "left" : 5
        }
      },
      "idiom" : "universal",
      "filename" : "author_mark@2x.png",
      "scale" : "2x"
    },
    {
      "idiom" : "universal",
      "scale" : "3x"
    }
  ],
  "info" : {
    "version" : 1,
    "author" : "xcode"
  }
}